TIME_PERIOD,co2_tonnes,u10_mean,v10_mean,wind_speed_ms,wind_dir_deg,uo_mean,vo_mean,current_speed_ms,date,month
2022-01,5541323.8918,5.252007314354839,0.02957591870967743,5.2520905899464685,269.67735052460534,0.05130894790418003,-0.017326360620813684,0.054155432852081825,2022-01-01,1
2022-02,5204708.48448,6.051071728571428,2.731491692035714,6.639014680506178,245.7052853106659,0.07574833214028773,0.012207551831307244,0.07672570718963365,2022-02-01,2
2022-03,5887888.7603,-1.45782026183871,1.9685586580645162,2.449584272089502,143.4781239825295,0.007080106658952607,0.026194395932379776,0.02713437466691317,2022-03-01,3
2022-04,5786887.3607,0.06828549216666666,-1.4425893791333335,1.444204634125213,357.2899063722993,-0.0052748558898835915,-0.003625356116636932,0.006400571195719678,2022-04-01,4
2022-05,6145499.6843,2.1852011358064516,1.2903103558064517,2.5377164574142594,239.4391390805024,0.033569175974112894,0.0019638147581619286,0.033626569018936986,2022-05-01,5
2022-06,5995113.145099999,1.437894759,1.2274632966666668,1.8905574528755982,229.51416914756618,0.0275126534103287,0.008574941153077826,0.028817975526667712,2022-06-01,6
2022-07,6151203.3503,3.2342279503225804,-0.0872664561290322,3.23540505485992,271.54558888271237,0.026441347131079103,-0.015666299785112657,0.03073398423672476,2022-07-01,7
2022-08,6119208.0822,0.7113059641935484,0.6315358246129033,0.9512064299965667,228.39960191490553,0.012299887101644261,0.0036851198859464613,0.012840067417540802,2022-08-01,8
2022-09,5810651.4461,0.2731413409999999,-0.6296245426666666,0.6863186263620471,336.5480177638929,0.00010255087747745804,-0.001825830035627293,0.001828707740856958,2022-09-01,9
2022-10,5603376.693700001,2.5820399241935488,3.7346417548387096,4.540317082221701,214.65903333387095,0.04908668322044089,0.029966077049844747,0.05751059244470661,2022-10-01,10
2022-11,5088031.72713,-0.7398325833333333,4.988209533333333,5.042775684065198,171.56360595850157,0.037976642921482624,0.0726548291548224,0.08198139793332526,2022-11-01,11
2022-12,5138907.23598,0.8667223558387098,1.8649024287096774,2.0564699634854517,204.92687533184727,0.027622508200157776,0.018426981250988017,0.03320476768917451,2022-12-01,12
2023-01,4953219.2023,3.5776467312258067,2.2857156551612907,4.245474318577385,237.42597800498086,0.05430621690933688,0.021221122531555257,0.05830524192989194,2023-01-01,1
2023-02,4619843.03703,3.5885845489285715,0.09096254082142861,3.5897372116412045,268.54799187813296,0.03708388768877463,-0.017047528831714724,0.040814617055434876,2023-02-01,2
2023-03,5125601.69407,1.916896781251613,0.35568856580645153,1.9496173024002028,259.4880732131661,0.02228971451905256,0.01042085694767207,0.024605398449622954,2023-03-01,3
2023-04,5043619.56544,-1.2404981188666668,0.5320943363333333,1.3497999724661982,113.21623665798187,4.342866803665211e-06,0.019963122330507187,0.019963122802890504,2023-04-01,4
2023-05,5460637.05975,0.17561594322580645,-1.103030234516129,1.1169228522023336,350.9537357211484,-0.004196541802837172,-0.013593123744712976,0.014226172227343502,2023-05-01,5
2023-06,5292318.89564,0.05502770913333335,-0.6035494786666666,0.6060528211065995,354.79054697407435,0.00012964444424123304,-0.003934785376398078,0.003936920578350392,2023-06-01,6
2023-07,5306043.61749,3.284963187483871,1.4784093370967741,3.6023155485241873,245.7697033269081,0.037663216250231744,0.010249165656649897,0.03903284840963022,2023-07-01,7
2023-08,5300251.54989,1.968959232064516,0.17485568200000004,1.9767081137739515,264.9250957999627,0.01556957229721284,0.0029256610536555075,0.015842066598743175,2023-08-01,8
2023-09,5067383.31477,1.5109095913666666,2.7105168056666664,3.1031837114623455,209.13638446512175,0.036014752842926864,0.023834985489011255,0.043187601873668394,2023-09-01,9
2023-10,5329205.59557,0.754070175612903,1.1853342397419355,1.4048626586444195,212.46316042507937,0.014726957435783524,0.022774338973734293,0.027121094944819842,2023-10-01,10
2023-11,5312396.6286,0.1796071695533334,0.8961585062,0.9139796516277456,191.33301284256532,0.019299700075488195,0.026486897881758457,0.03277246073157308,2023-11-01,11
2023-12,5016261.62277,2.280336956935484,1.6856323548387095,2.8357173823998885,233.52806986209657,0.03964321805738915,0.028573744082437853,0.048867612882504886,2023-12-01,12
2024-01,5029028.6018,2.6995262122580646,0.5912625238709677,2.763518254472483,257.6459011804208,0.03654206570425826,0.006497323544356216,0.037115196068111686,2024-01-01,1
2024-02,4871688.57314,2.808822698137931,2.6187751774137933,3.840243270863643,227.00539432636907,0.04656081266651824,0.024245287700439353,0.05249517360523424,2024-02-01,2
2024-03,5386665.66284,-1.1884074328548386,2.6482007977419353,2.9026332340868786,155.83134946119827,0.014877724004933493,0.04454147830433218,0.04696051491521647,2024-03-01,3
2024-04,5330918.72979,1.1123208354666665,1.10147855,1.5654113316069247,225.28060908984952,0.02503105048734796,0.016198547722357307,0.02981520479241505,2024-04-01,4
2024-05,5703308.59481,-1.874149163967742,0.7230240429032257,2.0087804398234046,111.09601023825527,0.0016490062656553334,0.03227539647269372,0.032317494320162586,2024-05-01,5
2024-06,5495481.6798600005,2.763233046666667,0.6233747969,2.8326759446856724,257.2871084684809,0.02971044011753809,-0.010830122793158384,0.03162280524704767,2024-06-01,6
2024-07,5703610.18957,2.1642150870967742,0.8179184416129033,2.3136156812115054,249.296995208978,0.024930917797067995,0.004150694947603025,0.025274076259128028,2024-07-01,7
2024-08,5658766.44946,2.686517854935484,3.2389363051612903,4.208097738144758,219.67382220212227,0.055178491577004864,0.01925390257101318,0.058441241404744854,2024-08-01,8
2024-09,5479363.76074,0.0284356563333333,-0.16372595033333334,0.1661769339097956,350.1472445826265,0.0022808933855886218,0.004953582447930631,0.0054534808796646884,2024-09-01,9
2024-10,5488996.16001,1.2769245288645161,2.590538567419355,2.8881527524878234,206.2395431405701,0.032645477815428786,0.022127054416951644,0.0394377200021552,2024-10-01,10
2024-11,5321450.915680001,2.3981675883333335,0.3679551319999999,2.4262313906339714,261.2770318704145,0.030727806017055798,-0.003093601686983607,0.030883141582739252,2024-11-01,11
2024-12,5247352.06068,3.3999643832258064,1.1315678451612905,3.583322982289903,251.59165183790665,0.041959101131202756,-0.0020483526085560027,0.04200906945110161,2024-12-01,12
2025-01,5178699.47792,2.8416632929032257,1.7005064261935483,3.311611748946298,239.10287964235843,0.04337082894694875,0.015180737666007405,0.04595088246845346,2025-01-01,1
2025-02,5061116.93815,-1.3956396767857142,3.266347885357143,3.5520189492168552,156.8640311822114,0.060267245754199575,0.0499403526519159,0.07826991589234532,2025-02-01,2
2025-03,5588063.80878,1.368131950483871,0.5655481538709678,1.4804153972050078,247.54114334546787,0.021502421858610843,-0.0029387883555847686,0.02170231837349609,2025-03-01,3
2025-04,5451914.59257,-0.2883583623333334,0.18383519666666664,0.34197357304480996,122.51846292505523,0.0027755853951333953,0.005635807342179129,0.006282212881130182,2025-04-01,4
2025-05,5859574.82474,1.5233923245161292,-1.5641638433548388,2.1834222457539534,315.7565530986197,0.001999840812328697,-0.022902502895201547,0.022989649891622332,2025-05-01,5
2025-06,5801478.94936,3.0085581716666665,2.3499292063333335,3.8175371048728115,232.00726231418724,0.051785972341955346,0.011472521624786907,0.05304154677074347,2025-06-01,6
2025-07,6020648.11052,1.8623688006451613,-1.060329698064516,2.1430624391776556,299.6547909945128,0.008290285974401224,-0.007975773586449424,0.011503990865767323,2025-07-01,7
2025-08,6031762.27018,2.046852328032258,0.3638462296774193,2.078939280407571,259.9204501868199,0.020302803605616593,-0.00871638042875174,0.022094775898998487,2025-08-01,8
2025-09,5851477.13757,0.857863107,3.035248310893333,3.15414987264913,195.78207380543813,0.033910979331865,0.037405950742873714,0.05048920350158507,2025-09-01,9
2025-10,5421935.72403,3.0091870870967745,0.3246241912903225,3.02664629428694,263.8428739527684,0.03278168591063465,0.0029361234145916103,0.03291291162825336,2025-10-01,10
2025-11,5338344.66549,1.3238542933333333,2.1576400676666667,2.5314029413702035,211.53185744378877,0.03044877682492031,0.021407520348798934,0.037221095330713265,2025-11-01,11
2025-12,5369218.840840001,0.7832875391612902,3.1716885967741932,3.2669784088531717,193.87231792443643,0.03105238595987064,0.031326628128370275,0.04410905013366272,2025-12-01,12
2026-01,5165729.9046,-3.194039069032258,2.4083726603225806,4.000268046705585,127.01706199385653,-0.0007216561507954134,0.056693263777819636,0.05669785662069966,2026-01-01,1
2026-02,4935665.90435,-2.500347943571428,2.8387186410714285,3.782864438767042,138.62634896525836,0.010286178725999316,0.05465838392650682,0.05561784251695332,2026-02-01,2
2026-03,5545072.6472,3.1709252677096775,2.9714831877419354,4.345627617322113,226.8597226542976,0.05289779559445277,0.014409533353042903,0.054825280940501916,2026-03-01,3
2026-04,5362550.1413,0.3211122813333334,1.1253008868,1.170220142988474,195.92645853378798,0.016105570892151564,0.011974566897442432,0.020069371344001878,2026-04-01,4
2026-05,5663571.901699999,1.5124710170967741,0.4902392819354839,1.5899380903388562,252.04086480596607,0.021061423475002294,-0.001519065716859305,0.02111613410275458,2026-05-01,5
