TIME_PERIOD,co2_tonnes,u10_mean,v10_mean,wind_speed_ms,wind_dir_deg,uo_mean,vo_mean,current_speed_ms,date,month,env_index
2022-01,5541323.8918,5.252007314354839,0.0295759187096774,5.2520905899464685,269.67735052460534,0.05130894790418,-0.0173263606208136,0.0541554328520818,2022-01-01,1,2.071638475576085
2022-02,5204708.48448,6.051071728571428,2.731491692035714,6.639014680506178,245.7052853106659,0.0757483321402877,0.0122075518313072,0.0767257071896336,2022-02-01,2,3.647780099877362
2022-03,5887888.7603,-1.45782026183871,1.968558658064516,2.449584272089502,143.4781239825295,0.0070801066589526,0.0261943959323797,0.0271343746669131,2022-03-01,3,-0.41982882349795403
2022-04,5786887.3607,0.0682854921666666,-1.4425893791333335,1.444204634125213,357.2899063722993,-0.0052748558898835,-0.0036253561166369,0.0064005711957196,2022-04-01,4,-1.7255023126003028
2022-05,6145499.6843,2.185201135806452,1.2903103558064517,2.5377164574142594,239.4391390805024,0.0335691759741128,0.0019638147581619,0.0336265690189369,2022-05-01,5,-0.13097499418008768
2022-06,5995113.145099999,1.437894759,1.2274632966666668,1.8905574528755984,229.51416914756615,0.0275126534103287,0.0085749411530778,0.0288179755266677,2022-06-01,6,-0.6529163884152687
2022-07,6151203.3503,3.2342279503225804,-0.0872664561290322,3.23540505485992,271.5455888827124,0.0264413471310791,-0.0156662997851126,0.0307339842367247,2022-07-01,7,0.1304038202334728
2022-08,6119208.0822,0.7113059641935484,0.6315358246129033,0.9512064299965668,228.39960191490556,0.0122998871016442,0.0036851198859464,0.0128400674175408,2022-08-01,8,-1.7462118741897585
2022-09,5810651.4461,0.2731413409999999,-0.6296245426666666,0.6863186263620471,336.5480177638929,0.0001025508774774,-0.0018258300356272,0.0018287077408569,2022-09-01,9,-2.2972207722740987
2022-10,5603376.693700001,2.5820399241935488,3.7346417548387096,4.540317082221701,214.65903333387092,0.0490866832204408,0.0299660770498447,0.0575105924447066,2022-10-01,10,1.8200617024570538
2022-11,5088031.72713,-0.7398325833333333,4.988209533333333,5.042775684065198,171.56360595850157,0.0379766429214826,0.0726548291548224,0.0819813979333252,2022-11-01,11,2.9989512703149206
2022-12,5138907.23598,0.8667223558387098,1.8649024287096772,2.056469963485452,204.92687533184727,0.0276225082001577,0.018426981250988,0.0332047676891745,2022-12-01,12,-0.4014391247675385
2023-01,4953219.2023,3.5776467312258067,2.2857156551612907,4.245474318577385,237.4259780049809,0.0543062169093368,0.0212211225315552,0.0583052419298919,2023-01-01,1,1.693644896135964
2023-02,4619843.03703,3.5885845489285715,0.0909625408214286,3.5897372116412045,268.54799187813296,0.0370838876887746,-0.0170475288317147,0.0408146170554348,2023-02-01,2,0.6940337093801296
2023-03,5125601.69407,1.916896781251613,0.3556885658064515,1.9496173024002028,259.4880732131661,0.0222897145190525,0.010420856947672,0.0246053984496229,2023-03-01,3,-0.7788143687116159
2023-04,5043619.56544,-1.2404981188666668,0.5320943363333333,1.3497999724661982,113.21623665798188,4.342866803665211e-06,0.0199631223305071,0.0199631228028905,2023-04-01,4,-1.2694925719546526
2023-05,5460637.05975,0.1756159432258064,-1.103030234516129,1.1169228522023336,350.9537357211484,-0.0041965418028371,-0.0135931237447129,0.0142261722273435,2023-05-01,5,-1.6067852302712606
2023-06,5292318.89564,0.0550277091333333,-0.6035494786666666,0.6060528211065995,354.79054697407435,0.0001296444442412,-0.003934785376398,0.0039369205783503,2023-06-01,6,-2.261054935790501
2023-07,5306043.61749,3.284963187483871,1.478409337096774,3.602315548524188,245.7697033269081,0.0376632162502317,0.0102491656566498,0.0390328484096302,2023-07-01,7,0.6342189797529311
2023-08,5300251.54989,1.968959232064516,0.174855682,1.9767081137739515,264.9250957999627,0.0155695722972128,0.0029256610536555,0.0158420665987431,2023-08-01,8,-1.0914091289071366
2023-09,5067383.31477,1.5109095913666666,2.7105168056666664,3.103183711462345,209.13638446512172,0.0360147528429268,0.0238349854890112,0.0431876018736683,2023-09-01,9,0.525025793610025
2023-10,5329205.59557,0.754070175612903,1.1853342397419355,1.4048626586444195,212.46316042507937,0.0147269574357835,0.0227743389737342,0.0271210949448198,2023-10-01,10,-0.9733045035335394
2023-11,5312396.6286,0.1796071695533334,0.8961585062,0.9139796516277456,191.33301284256527,0.0192997000754881,0.0264868978817584,0.032772460731573,2023-11-01,11,-1.0222973036881522
2023-12,5016261.62277,2.280336956935484,1.6856323548387095,2.8357173823998885,233.52806986209657,0.0396432180573891,0.0285737440824378,0.0488676128825048,2023-12-01,12,0.5953580567888447
2024-01,5029028.6018,2.699526212258065,0.5912625238709677,2.763518254472483,257.6459011804208,0.0365420657042582,0.0064973235443562,0.0371151960681116,2024-01-01,1,0.11869428923291062
2024-02,4871688.57314,2.808822698137931,2.6187751774137933,3.840243270863643,227.00539432636907,0.0465608126665182,0.0242452877004393,0.0524951736052342,2024-02-01,2,1.2623959939230067
2024-03,5386665.66284,-1.1884074328548386,2.6482007977419357,2.9026332340868786,155.83134946119827,0.0148777240049334,0.0445414783043321,0.0469605149152164,2024-03-01,3,0.5596289784499191
2024-04,5330918.72979,1.1123208354666665,1.10147855,1.5654113316069247,225.28060908984952,0.0250310504873479,0.0161985477223573,0.029815204792415,2024-04-01,4,-0.7878153695717716
2024-05,5703308.59481,-1.874149163967742,0.7230240429032257,2.0087804398234046,111.09601023825527,0.0016490062656553,0.0322753964726937,0.0323174943201625,2024-05-01,5,-0.4597831675463473
2024-06,5495481.6798600005,2.763233046666667,0.6233747969,2.8326759446856724,257.2871084684809,0.029710440117538,-0.0108301227931583,0.0316228052470476,2024-06-01,6,-0.049604906410706806
2024-07,5703610.18957,2.1642150870967742,0.8179184416129033,2.3136156812115054,249.296995208978,0.0249309177970679,0.004150694947603,0.025274076259128,2024-07-01,7,-0.5612004509549765
2024-08,5658766.44946,2.686517854935484,3.2389363051612903,4.208097738144758,219.67382220212227,0.0551784915770048,0.0192539025710131,0.0584412414047448,2024-08-01,8,1.678934887261419
2024-09,5479363.76074,0.0284356563333333,-0.1637259503333333,0.1661769339097956,350.1472445826265,0.0022808933855886,0.0049535824479306,0.0054534808796646,2024-09-01,9,-2.4373066666651417
2024-10,5488996.16001,1.276924528864516,2.590538567419355,2.8881527524878234,206.2395431405701,0.0326454778154287,0.0221270544169516,0.0394377200021552,2024-10-01,10,0.27131095884526235
2024-11,5321450.915680001,2.398167588333333,0.3679551319999999,2.4262313906339714,261.2770318704145,0.0307278060170557,-0.0030936016869836,0.0308831415827392,2024-11-01,11,-0.29233422822442984
2024-12,5247352.06068,3.3999643832258064,1.1315678451612905,3.583322982289903,251.59165183790665,0.0419591011312027,-0.002048352608556,0.0420090694511016,2024-12-01,12,0.7352001112074145
2025-01,5178699.47792,2.8416632929032257,1.7005064261935483,3.311611748946298,239.10287964235843,0.0433708289469487,0.0151807376660074,0.0459508824684534,2025-01-01,1,0.7384384497226859
2025-02,5061116.93815,-1.3956396767857142,3.266347885357143,3.5520189492168552,156.8640311822114,0.0602672457541995,0.0499403526519159,0.0782699158923453,2025-02-01,2,2.0714162518712524
2025-03,5588063.80878,1.368131950483871,0.5655481538709678,1.4804153972050078,247.54114334546787,0.0215024218586108,-0.0029387883555847,0.021702318373496,2025-03-01,3,-1.1354724130046008
2025-04,5451914.59257,-0.2883583623333334,0.1838351966666666,0.3419735730448099,122.51846292505525,0.0027755853951333,0.0056358073421791,0.0062822128811301,2025-04-01,4,-2.3133384178885397
2025-05,5859574.82474,1.5233923245161292,-1.5641638433548388,2.1834222457539534,315.7565530986197,0.0019998408123286,-0.0229025028952015,0.0229896498916223,2025-05-01,5,-0.7153382063221124
2025-06,5801478.94936,3.0085581716666665,2.349929206333333,3.817537104872812,232.00726231418724,0.0517859723419553,0.0114725216247869,0.0530415467707434,2025-06-01,6,1.2707609998626443
2025-07,6020648.11052,1.8623688006451613,-1.060329698064516,2.143062439177656,299.6547909945128,0.0082902859744012,-0.0079757735864494,0.0115039908657673,2025-07-01,7,-1.1651971943765052
2025-08,6031762.27018,2.046852328032258,0.3638462296774193,2.078939280407571,259.9204501868199,0.0203028036056165,-0.0087163804287517,0.0220947758989984,2025-08-01,8,-0.804027069558517
2025-09,5851477.13757,0.857863107,3.035248310893333,3.15414987264913,195.78207380543813,0.033910979331865,0.0374059507428737,0.050489203501585,2025-09-01,9,0.8244039297664163
2025-10,5421935.72403,3.0091870870967745,0.3246241912903225,3.02664629428694,263.8428739527684,0.0327816859106346,0.0029361234145916,0.0329129116282533,2025-10-01,10,0.1011953681480448
2025-11,5338344.66549,1.3238542933333333,2.1576400676666667,2.5314029413702035,211.5318574437888,0.0304487768249203,0.0214075203487989,0.0372210953307132,2025-11-01,11,-0.00021557807398630066
2025-12,5369218.840840001,0.7832875391612902,3.171688596774193,3.266978408853172,193.87231792443643,0.0310523859598706,0.0313266281283702,0.0441090501336627,2025-12-01,12,0.6461002812331749
2026-01,5165729.9046,-3.194039069032258,2.408372660322581,4.000268046705585,127.01706199385652,-0.0007216561507954,0.0566932637778196,0.0566978566206996,2026-01-01,1,1.5038882569368068
2026-02,4935665.90435,-2.500347943571428,2.8387186410714285,3.782864438767042,138.62634896525836,0.0102861787259993,0.0546583839265068,0.0556178425169533,2026-02-01,2,1.3485224801400737
2026-03,5545072.6472,3.170925267709677,2.9714831877419354,4.345627617322113,226.8597226542976,0.0528977955944527,0.0144095333530429,0.0548252809405019,2026-03-01,3,1.616829790195707
2026-04,5362550.1413,0.3211122813333334,1.1253008868,1.170220142988474,195.926458533788,0.0161055708921515,0.0119745668974424,0.0200693713440018,2026-04-01,4,-1.3605819194841144
2026-05,5663571.901699999,1.512471017096774,0.4902392819354839,1.5899380903388562,252.04086480596607,0.0210614234750022,-0.0015190657168593,0.0211161341027545,2026-05-01,5,-1.0993699100599106
