TIME_PERIOD,co2_tonnes,date,month,year
2022-01,5541323.8918,2022-01-01,1,2022
2022-02,5204708.48448,2022-02-01,2,2022
2022-03,5887888.7603,2022-03-01,3,2022
2022-04,5786887.3607,2022-04-01,4,2022
2022-05,6145499.6843,2022-05-01,5,2022
2022-06,5995113.145099999,2022-06-01,6,2022
2022-07,6151203.3503,2022-07-01,7,2022
2022-08,6119208.0822,2022-08-01,8,2022
2022-09,5810651.4461,2022-09-01,9,2022
2022-10,5603376.693700001,2022-10-01,10,2022
2022-11,5088031.72713,2022-11-01,11,2022
2022-12,5138907.23598,2022-12-01,12,2022
2023-01,4953219.2023,2023-01-01,1,2023
2023-02,4619843.03703,2023-02-01,2,2023
2023-03,5125601.69407,2023-03-01,3,2023
2023-04,5043619.56544,2023-04-01,4,2023
2023-05,5460637.05975,2023-05-01,5,2023
2023-06,5292318.89564,2023-06-01,6,2023
2023-07,5306043.61749,2023-07-01,7,2023
2023-08,5300251.54989,2023-08-01,8,2023
2023-09,5067383.31477,2023-09-01,9,2023
2023-10,5329205.59557,2023-10-01,10,2023
2023-11,5312396.6285999995,2023-11-01,11,2023
2023-12,5016261.62277,2023-12-01,12,2023
2024-01,5029028.6018,2024-01-01,1,2024
2024-02,4871688.57314,2024-02-01,2,2024
2024-03,5386665.66284,2024-03-01,3,2024
2024-04,5330918.72979,2024-04-01,4,2024
2024-05,5703308.59481,2024-05-01,5,2024
2024-06,5495481.6798600005,2024-06-01,6,2024
2024-07,5703610.18957,2024-07-01,7,2024
2024-08,5658766.44946,2024-08-01,8,2024
2024-09,5479363.76074,2024-09-01,9,2024
2024-10,5488996.16001,2024-10-01,10,2024
2024-11,5321450.915680001,2024-11-01,11,2024
2024-12,5247352.06068,2024-12-01,12,2024
2025-01,5178699.4779199995,2025-01-01,1,2025
2025-02,5061116.93815,2025-02-01,2,2025
2025-03,5588063.80878,2025-03-01,3,2025
2025-04,5451914.59257,2025-04-01,4,2025
2025-05,5859574.82474,2025-05-01,5,2025
2025-06,5801478.94936,2025-06-01,6,2025
2025-07,6020648.11052,2025-07-01,7,2025
2025-08,6031762.27018,2025-08-01,8,2025
2025-09,5851477.13757,2025-09-01,9,2025
2025-10,5421935.72403,2025-10-01,10,2025
2025-11,5338344.66549,2025-11-01,11,2025
2025-12,5369218.840840001,2025-12-01,12,2025
2026-01,5165729.9046,2026-01-01,1,2026
2026-02,4935665.9043499995,2026-02-01,2,2026
2026-03,5545072.6472,2026-03-01,3,2026
2026-04,5362550.1413,2026-04-01,4,2026
2026-05,5663571.901699999,2026-05-01,5,2026
2026-06,5479266.6513,2026-06-01,6,2026
