Reference area,TIME_PERIOD,co2_tonnes
Belgium,2022-01,892662.7595
Belgium,2022-02,790190.3253
Belgium,2022-03,948118.2027
Belgium,2022-04,940755.4339999999
Belgium,2022-05,1066280.8169
Belgium,2022-06,961150.6549999999
Belgium,2022-07,1000533.3674999999
Belgium,2022-08,960636.1973
Belgium,2022-09,926364.3985
Belgium,2022-10,901551.5478000001
Belgium,2022-11,863083.52853
Belgium,2022-12,934235.2011000001
Belgium,2023-01,791130.3596
Belgium,2023-02,728704.00012
Belgium,2023-03,824759.00737
Belgium,2023-04,819625.57855
Belgium,2023-05,871694.9222500001
Belgium,2023-06,784391.00004
Belgium,2023-07,732312.14599
Belgium,2023-08,758230.85649
Belgium,2023-09,765257.71737
Belgium,2023-10,825725.48277
Belgium,2023-11,788885.125
Belgium,2023-12,810967.61807
Belgium,2024-01,789241.0085
Belgium,2024-02,783442.90134
Belgium,2024-03,907690.4081400001
Belgium,2024-04,866018.42819
Belgium,2024-05,878668.35321
Belgium,2024-06,864529.11306
Belgium,2024-07,883203.93827
Belgium,2024-08,846201.2307600001
Belgium,2024-09,806703.24374
Belgium,2024-10,874136.02211
Belgium,2024-11,854432.74881
Belgium,2024-12,857406.3776
Belgium,2025-01,870073.228
Belgium,2025-02,864903.67839
Belgium,2025-03,912788.53847
Belgium,2025-04,933032.35581
Belgium,2025-05,958954.41464
Belgium,2025-06,910348.0405100001
Belgium,2025-07,924801.25862
Belgium,2025-08,900612.5044799999
Belgium,2025-09,930124.5917799999
Belgium,2025-10,893300.1514
Belgium,2025-11,857969.86567
Belgium,2025-12,923721.83802
Belgium,2026-01,846608.82576
Belgium,2026-02,855511.17759
Belgium,2026-03,939599.6379
Belgium,2026-04,863646.4958
Belgium,2026-05,838874.1791
Belgium,2026-06,798183.031
Denmark,2022-01,376416.3166
Denmark,2022-02,361117.32498000003
Denmark,2022-03,321132.7265
Denmark,2022-04,355780.4548
Denmark,2022-05,381397.3537
Denmark,2022-06,363348.7655
Denmark,2022-07,378281.80130000005
Denmark,2022-08,386983.36730000004
Denmark,2022-09,366320.0224
Denmark,2022-10,380937.0444
Denmark,2022-11,323375.2944
Denmark,2022-12,336287.27268
Denmark,2023-01,375382.37730000005
Denmark,2023-02,355127.04641
Denmark,2023-03,395939.7827
Denmark,2023-04,348747.79769000004
Denmark,2023-05,414920.3301
Denmark,2023-06,369139.7415
Denmark,2023-07,393090.1675
Denmark,2023-08,388812.5967
Denmark,2023-09,364306.80000000005
Denmark,2023-10,340356.68929999997
Denmark,2023-11,248214.2232
Denmark,2023-12,353374.72849999997
Denmark,2024-01,313245.9081
Denmark,2024-02,340866.427
Denmark,2024-03,363562.5703
Denmark,2024-04,354200.3757
Denmark,2024-05,347077.1162
Denmark,2024-06,391312.88659999997
Denmark,2024-07,387010.7417
Denmark,2024-08,374919.442
Denmark,2024-09,339384.0174
Denmark,2024-10,378622.761
Denmark,2024-11,370524.33087
Denmark,2024-12,346263.87788
Denmark,2025-01,385933.41761999996
Denmark,2025-02,354442.43016
Denmark,2025-03,399753.50260999997
Denmark,2025-04,372378.75036
Denmark,2025-05,437041.9525
Denmark,2025-06,435149.40165
Denmark,2025-07,451316.68580000004
Denmark,2025-08,436772.11030000006
Denmark,2025-09,423647.62769
Denmark,2025-10,376535.57782999997
Denmark,2025-11,376393.69961999997
Denmark,2025-12,422978.59291999997
Denmark,2026-01,326122.88974
Denmark,2026-02,296841.67196
Denmark,2026-03,405962.58129999996
Denmark,2026-04,371327.2265
Denmark,2026-05,398449.42370000004
Denmark,2026-06,375207.30370000005
Germany,2022-01,965578.9618
Germany,2022-02,886962.0188
Germany,2022-03,1084876.1741
Germany,2022-04,1058416.7004999998
Germany,2022-05,1112653.8863
Germany,2022-06,1139615.3508
Germany,2022-07,1070660.8015
Germany,2022-08,1069354.6923
Germany,2022-09,1066141.4616999999
Germany,2022-10,1061381.6649
Germany,2022-11,967365.8495
Germany,2022-12,982881.3215999999
Germany,2023-01,868802.4188999999
Germany,2023-02,853290.5988
Germany,2023-03,935045.2966
Germany,2023-04,929721.1079
Germany,2023-05,968829.9043
Germany,2023-06,944911.3735
Germany,2023-07,944127.5322
Germany,2023-08,969483.4347
Germany,2023-09,950771.727
Germany,2023-10,1002757.0998
Germany,2023-11,1072258.25
Germany,2023-12,1009977.4612
Germany,2024-01,898003.0327999999
Germany,2024-02,931374.0537999999
Germany,2024-03,963416.8912000001
Germany,2024-04,916266.6719
Germany,2024-05,963662.7914
Germany,2024-06,902725.1465
Germany,2024-07,982320.2934
Germany,2024-08,1027510.1329999999
Germany,2024-09,981712.3973
Germany,2024-10,992995.5262
Germany,2024-11,967779.1643000001
Germany,2024-12,1024553.4416
Germany,2025-01,956554.3684999999
Germany,2025-02,961743.1089000001
Germany,2025-03,1096380.0979
Germany,2025-04,1008265.5072000001
Germany,2025-05,1056004.2499
Germany,2025-06,1035644.1069
Germany,2025-07,1046884.6762
Germany,2025-08,1063754.2563
Germany,2025-09,1021957.1140000001
Germany,2025-10,843744.6248999999
Germany,2025-11,864262.3417
Germany,2025-12,987876.4584000001
Germany,2026-01,941290.0638000001
Germany,2026-02,847569.8713
Germany,2026-03,944690.0171
Germany,2026-04,953970.9826
Germany,2026-05,1040761.4842
Germany,2026-06,1004005.611
Netherlands,2022-01,1505800.784
Netherlands,2022-02,1396472.7521000002
Netherlands,2022-03,1549811.8865999999
Netherlands,2022-04,1525513.7474
Netherlands,2022-05,1551779.4172999999
Netherlands,2022-06,1479345.6201
Netherlands,2022-07,1601169.9027
Netherlands,2022-08,1604432.9840000002
Netherlands,2022-09,1512808.3953
Netherlands,2022-10,1401024.6775
Netherlands,2022-11,1244963.6687999999
Netherlands,2022-12,1287138.1395
Netherlands,2023-01,1295435.9445
Netherlands,2023-02,1228775.2911
Netherlands,2023-03,1317168.0254
Netherlands,2023-04,1311528.2457
Netherlands,2023-05,1336302.3778
Netherlands,2023-06,1279901.5234
Netherlands,2023-07,1306013.7774999999
Netherlands,2023-08,1248756.4188
Netherlands,2023-09,1168062.6235
Netherlands,2023-10,1349604.6887
Netherlands,2023-11,1465563.3538000002
Netherlands,2023-12,1264724.1553
Netherlands,2024-01,1369231.7948
Netherlands,2024-02,1278001.068
Netherlands,2024-03,1416618.2411
Netherlands,2024-04,1399142.2733
Netherlands,2024-05,1451699.8605
Netherlands,2024-06,1290759.9998
Netherlands,2024-07,1346465.1732
Netherlands,2024-08,1349464.9764
Netherlands,2024-09,1397427.4807000002
Netherlands,2024-10,1319335.6764
Netherlands,2024-11,1300709.7845
Netherlands,2024-12,1216682.426
Netherlands,2025-01,1237561.1658
Netherlands,2025-02,1207366.5007
Netherlands,2025-03,1314989.438
Netherlands,2025-04,1273727.0503
Netherlands,2025-05,1299101.6352
Netherlands,2025-06,1311983.5845
Netherlands,2025-07,1459974.2284000001
Netherlands,2025-08,1483537.6045
Netherlands,2025-09,1389363.5955
Netherlands,2025-10,1387730.8916
Netherlands,2025-11,1407829.9315
Netherlands,2025-12,1284717.1297
Netherlands,2026-01,1260904.1797
Netherlands,2026-02,1213119.8453
Netherlands,2026-03,1429418.9278
Netherlands,2026-04,1401640.3945
Netherlands,2026-05,1439576.8580999998
Netherlands,2026-06,1376309.4216999998
Norway,2022-01,634250.3957
Norway,2022-02,583011.0210000001
Norway,2022-03,689361.3444000001
Norway,2022-04,654160.4677
Norway,2022-05,726898.6756
Norway,2022-06,783126.0315
Norway,2022-07,797979.8043
Norway,2022-08,803391.9187
Norway,2022-09,729017.4514
Norway,2022-10,664573.0801
Norway,2022-11,629044.0782
Norway,2022-12,563657.4377
Norway,2023-01,560140.1812
Norway,2023-02,526548.2350999999
Norway,2023-03,631399.2519
Norway,2023-04,611656.0037
Norway,2023-05,703254.3489
Norway,2023-06,774180.1574
Norway,2023-07,787027.3469
Norway,2023-08,772306.2008
Norway,2023-09,690986.9813999999
Norway,2023-10,676999.553
Norway,2023-11,646300.5778
Norway,2023-12,569235.3125
Norway,2024-01,551904.7161000001
Norway,2024-02,562027.2356
Norway,2024-03,650388.5092
Norway,2024-04,639784.189
Norway,2024-05,732233.0527
Norway,2024-06,740485.2464000001
Norway,2024-07,757573.495
Norway,2024-08,773822.373
Norway,2024-09,693229.5516
Norway,2024-10,645719.8132
Norway,2024-11,631803.4659000001
Norway,2024-12,597723.1948
Norway,2025-01,562406.9725
Norway,2025-02,544035.5708999999
Norway,2025-03,633632.4302000001
Norway,2025-04,615338.1468
Norway,2025-05,704424.6229999999
Norway,2025-06,748847.2139999999
Norway,2025-07,757740.3112
Norway,2025-08,774303.3282999999
Norway,2025-09,761440.8505
Norway,2025-10,694576.5496
Norway,2025-11,619849.5693000001
Norway,2025-12,587108.731
Norway,2026-01,599280.3991
Norway,2026-02,535347.9837999999
Norway,2026-03,634722.5869
Norway,2026-04,615202.4151
Norway,2026-05,705501.5634999999
Norway,2026-06,732939.4528999999
United Kingdom,2022-01,1166614.6742
United Kingdom,2022-02,1186955.0422999999
United Kingdom,2022-03,1294588.426
United Kingdom,2022-04,1252260.5563
United Kingdom,2022-05,1306489.5345
United Kingdom,2022-06,1268526.7222
United Kingdom,2022-07,1302577.673
United Kingdom,2022-08,1294408.9226
United Kingdom,2022-09,1209999.7168
United Kingdom,2022-10,1193908.679
United Kingdom,2022-11,1060199.3077
United Kingdom,2022-12,1034707.8633999999
United Kingdom,2023-01,1062327.9208
United Kingdom,2023-02,927397.8655
United Kingdom,2023-03,1021290.3300999999
United Kingdom,2023-04,1022340.8319000001
United Kingdom,2023-05,1165635.1764
United Kingdom,2023-06,1139795.0998
United Kingdom,2023-07,1143472.6474000001
United Kingdom,2023-08,1162662.0424000002
United Kingdom,2023-09,1127997.4655
United Kingdom,2023-10,1133762.082
United Kingdom,2023-11,1091175.0988
United Kingdom,2023-12,1007982.3472
United Kingdom,2024-01,1107402.1415
United Kingdom,2024-02,975976.8874
United Kingdom,2024-03,1084989.0429
United Kingdom,2024-04,1155506.7917
United Kingdom,2024-05,1329967.4208
United Kingdom,2024-06,1305669.2875
United Kingdom,2024-07,1347036.548
United Kingdom,2024-08,1286848.2943
United Kingdom,2024-09,1260907.0699999998
United Kingdom,2024-10,1278186.3610999999
United Kingdom,2024-11,1196201.4213
United Kingdom,2024-12,1204722.7428000001
United Kingdom,2025-01,1166170.3255
United Kingdom,2025-02,1128625.6491
United Kingdom,2025-03,1230519.8016000001
United Kingdom,2025-04,1249172.7821
United Kingdom,2025-05,1404047.9495
United Kingdom,2025-06,1359506.6018
United Kingdom,2025-07,1379930.9503000001
United Kingdom,2025-08,1372782.4663
United Kingdom,2025-09,1324943.3581
United Kingdom,2025-10,1226047.9287
United Kingdom,2025-11,1212039.2577
United Kingdom,2025-12,1162816.0908
United Kingdom,2026-01,1191523.5465000002
United Kingdom,2026-02,1187275.3544
United Kingdom,2026-03,1190678.8962
United Kingdom,2026-04,1156762.6268
United Kingdom,2026-05,1240408.3931
United Kingdom,2026-06,1192621.831
